{
    "normalization_x": [
        27.82460134643093,
        -22.37254284240158
    ],
    "normalization_y": [
        19.781413431989275,
        -5.664742347453892
    ],
    "normalization_theta": [
        6.283185307179586,
        0.0
    ],
    "normalization_laser": [
        30.0,
        0.0
    ]
}